Folder1,Folder2,AverageDistance
435,197,2.476108604007297
435,195,2.4520927800072565
435,463,2.789171404308743
435,226,2.5563388665517173
435,77,2.678756448957655
435,221,1.6885735326343112
435,342,2.3996742566426597
435,330,2.495090458128187
435,223,2.0139619509379068
435,381,2.316773917939928
435,148,2.23276776737637
435,391,2.3492954042222767
435,146,2.2601800759633384
435,406,2.297024885813395
435,272,2.7775270144144693
435,220,1.699168947007921
435,151,2.2249892817603216
435,296,2.529762585957845
435,42,2.1263896094428167
435,246,2.572610510720147
435,217,1.8240780300564237
435,8,2.2276130517323813
435,116,2.317571507559882
435,319,2.133516867955526
435,9,2.1990329689449735
435,158,2.8106434610154896
435,102,1.8385124206542969
435,161,2.2671857145097523
435,228,2.376879506640964
435,70,2.6575935416751437
435,138,2.4066737492879233
435,255,2.2725415229797363
435,267,2.587725559870402
435,58,2.5424971845414905
457,197,2.789843956629435
457,195,2.832998752593994
457,463,2.993844985961914
457,226,2.82532000541687
457,77,2.8342663976881237
457,221,2.0361231168111167
457,342,2.591537210676405
457,330,2.73543824089898
457,223,1.9836120473013983
457,381,2.7035340203179254
457,148,2.430327680375841
457,391,2.480767832862006
457,146,2.4575061003367105
457,406,2.6304550965627036
457,272,2.941216813193427
457,220,2.0816671318478055
457,151,2.43196177482605
457,296,2.497526513205634
457,42,2.2238913774490356
457,246,2.6160014735327826
457,217,2.2184075514475503
457,8,2.3255368338690863
457,116,2.1544104152255588
457,319,2.5508332517411976
457,9,2.437992943657769
457,158,2.94301258193122
457,102,2.0645045836766562
457,161,2.5547084543440075
457,228,2.637762440575494
457,70,2.8850759665171304
457,138,2.423923280504015
457,255,2.4875930680169
457,267,2.606192191441854
457,58,2.709980567296346
428,197,2.469704919391208
428,195,2.485975397957696
428,463,2.7879668871561685
428,226,2.6586626635657415
428,77,2.6826829645368786
428,221,1.8796816269556682
428,342,2.3533323340945773
428,330,2.450846142239041
428,223,1.9480766322877672
428,381,2.3553004529741077
428,148,2.1268426842159696
428,391,2.3572430080837674
428,146,2.222505384021335
428,406,2.333415402306451
428,272,2.7892397244771323
428,220,1.8580675390031602
428,151,2.233879698647393
428,296,2.649381981955634
428,42,2.132546901702881
428,246,2.683981074227227
428,217,1.8905705478456285
428,8,2.3602924082014294
428,116,2.2895425425635443
428,319,2.195755296283298
428,9,2.2181302971310086
428,158,2.8251778284708657
428,102,1.9426803323957655
428,161,2.2419594128926597
428,228,2.3960890769958496
428,70,2.6245426072014704
428,138,2.354095458984375
428,255,2.2913392119937472
428,267,2.6419359842936196
428,58,2.4875364038679333
447,197,2.5280905034806995
447,195,2.554383887184991
447,463,2.785385184817844
447,226,2.692660411198934
447,77,2.6844440036349826
447,221,2.0523383220036826
447,342,2.4046841197543674
447,330,2.485036055246989
447,223,2.4822203583187528
447,381,2.3363936477237277
447,148,2.4872213469611273
447,391,2.3215556939442954
447,146,2.3169502682156033
447,406,2.4160735077328153
447,272,2.847144365310669
447,220,2.125814186202155
447,151,2.5710648695627847
447,296,2.8206827110714383
447,42,2.146513435575697
447,246,2.842038048638238
447,217,2.27192046907213
447,8,2.475066900253296
447,116,2.483447869618734
447,319,2.4758373631371393
447,9,2.382917669084337
447,158,2.8928765985700817
447,102,2.1942085954878063
447,161,2.590141216913859
447,228,2.434557172987196
447,70,2.7427063253190784
447,138,2.576268434524536
447,255,2.343009524875217
447,267,2.5648538536495633
447,58,2.4182927343580456
60,197,2.1275654104020862
60,195,2.1294224792056613
60,463,2.412975443734063
60,226,2.277742173936632
60,77,2.3941279782189264
60,221,2.0901406870947943
60,342,1.9319839874903362
60,330,2.1629458136028714
60,223,2.4680829577975802
60,381,1.971349491013421
60,148,2.2814374499850802
60,391,1.9019418557484944
60,146,1.964295016394721
60,406,1.9871147208743625
60,272,2.5157637066311307
60,220,2.149746153089735
60,151,2.3794969982571073
60,296,2.814342154396905
60,42,2.263966374927097
60,246,2.784631861580743
60,217,2.217642307281494
60,8,2.357046710120307
60,116,2.5472000439961753
60,319,2.3758603201972113
60,9,1.8452616665098402
60,158,2.6024221314324274
60,102,2.1655764314863415
60,161,2.1787355740865073
60,228,1.9003977643118963
60,70,2.4323128594292536
60,138,2.6581247647603354
60,255,1.93610676129659
60,267,2.5729273425208197
60,58,2.111173073450724
506,197,2.2300558355119495
506,195,2.206706417931451
506,463,2.8197152614593506
506,226,2.4789021015167236
506,77,2.745986911985609
506,221,2.203538179397583
506,342,2.2941682868533664
506,330,2.3522976769341364
506,223,2.500142362382677
506,381,2.2848179605272083
506,148,2.473423957824707
506,391,2.3864463435278997
506,146,2.3278566201527915
506,406,2.324812200334337
506,272,2.788223240110609
506,220,2.21928432252672
506,151,2.506371842490302
506,296,2.883937120437622
506,42,2.3782651159498425
506,246,2.850154585308499
506,217,2.18787948290507
506,8,2.3532776302761502
506,116,2.9245334466298423
506,319,2.2771075301700168
506,9,2.2874500486585827
506,158,2.857402616076999
506,102,2.0978629853990345
506,161,2.5214066770341663
506,228,2.339571396509806
506,70,2.81046454111735
506,138,2.635289880964491
506,255,2.245600938796997
506,267,2.941713015238444
506,58,2.3134843508402505
432,197,1.9440523783365886
432,195,1.947380820910136
432,463,2.2241000864240856
432,226,2.3156291908688016
432,77,2.1593004597557917
432,221,2.104833470450507
432,342,2.010288529925876
432,330,1.9934015141593084
432,223,2.545275608698527
432,381,1.5527806282043457
432,148,2.20857490433587
432,391,2.1484973298178778
432,146,1.9128503269619412
432,406,1.9676978190739949
432,272,2.3590250280168323
432,220,2.1171589692433677
432,151,2.3129067685869007
432,296,2.689807097117106
432,42,2.2679941919114857
432,246,2.690007130304972
432,217,2.2222570843166776
432,8,2.0067486233181424
432,116,2.5377213690016003
432,319,2.0292037195629544
432,9,2.0795024236043296
432,158,2.5180034902360706
432,102,2.3630768987867565
432,161,1.8931726217269897
432,228,1.9848913351694744
432,70,2.2329496807522244
432,138,2.613911575741238
432,255,2.1167759895324707
432,267,2.4889855914645724
432,58,1.833945141898261
115,197,2.821342839135064
115,195,2.796533319685194
115,463,2.5407443841298423
115,226,2.9418727821773953
115,77,2.1275900734795465
115,221,2.741198592715793
115,342,2.8276420169406467
115,330,2.910029411315918
115,223,2.8155080212487116
115,381,2.6179670492808023
115,148,2.6281787289513483
115,391,2.7370503743489585
115,146,2.8219783306121826
115,406,2.8232911427815757
115,272,2.3465357886420355
115,220,2.7990260389116077
115,151,2.6904195149739585
115,296,2.1236981550852456
115,42,2.78042295244005
115,246,2.179230319129096
115,217,2.8602696789635553
115,8,2.4477283689710827
115,116,2.2204505337609186
115,319,2.7137500180138483
115,9,2.8567241032918296
115,158,2.380702257156372
115,102,2.8869509961869984
115,161,2.5320986641777887
115,228,2.8435994254218206
115,70,2.29280071788364
115,138,2.52156040403578
115,255,2.960738049613105
115,267,1.631483382648892
115,58,2.6408143838246665
27,197,3.0126066737704806
27,195,3.082448164621989
27,463,2.75991251733568
27,226,3.1138070159488254
27,77,2.615751584370931
27,221,2.675069040722317
27,342,2.9774501058790417
27,330,3.03330405553182
27,223,2.2346122529771595
27,381,2.949229187435574
27,148,2.6164718998803034
27,391,2.8136012024349637
27,146,2.880879905488756
27,406,3.0151411957210965
27,272,2.7463026311662464
27,220,2.6768364906311035
27,151,2.636790778901842
27,296,2.1483673254648843
27,42,2.6421055528852673
27,246,2.2016383277045355
27,217,2.74571254518297
27,8,2.4549949963887534
27,116,2.1334532366858587
27,319,2.779338757197062
27,9,2.9727791945139566
27,158,2.646469990412394
27,102,2.7919012705485025
27,161,2.7334196832444935
27,228,2.965920156902737
27,70,2.791061427858141
27,138,2.3868825435638428
27,255,3.006060759226481
27,267,2.1498815748426647
27,58,2.9301905632019043
130,197,2.904444138209025
130,195,2.8376481533050537
130,463,2.631256924735175
130,226,2.9306706057654486
130,77,2.291443188985189
130,221,2.831375969780816
130,342,3.0400412612491183
130,330,3.0164751741621227
130,223,2.500479327307807
130,381,2.8612567053900824
130,148,2.527554008695814
130,391,2.9181963072882757
130,146,2.985280301835802
130,406,2.935983896255493
130,272,2.34138470225864
130,220,2.7503328058454724
130,151,2.4479494094848633
130,296,1.2469414737489488
130,42,2.73142491446601
130,246,1.562011440594991
130,217,2.765753004286024
130,8,2.3309798505571155
130,116,2.4709098868899875
130,319,2.63708398077223
130,9,2.9856135050455728
130,158,2.3214049339294434
130,102,2.8173962699042425
130,161,2.555422650443183
130,228,3.0683671633402505
130,70,2.560732444127401
130,138,2.3684781657324896
130,255,3.0639637841118708
130,267,2.061835289001465
130,58,2.936353815926446
301,197,2.4043721093071833
301,195,2.3463630146450467
301,463,2.0193537208769055
301,226,2.6004000769721136
301,77,1.9036901659435697
301,221,2.6425010893079968
301,342,2.420571459664239
301,330,2.4741945531633167
301,223,2.7555431524912515
301,381,2.2047712802886963
301,148,2.1943751441107855
301,391,2.4777541955312095
301,146,2.467070129182604
301,406,2.41245608859592
301,272,1.9441703822877672
301,220,2.619710922241211
301,151,2.305421405368381
301,296,2.4444420337677
301,42,2.6419096522861056
301,246,2.37269843949212
301,217,2.6187577777438693
301,8,2.578471210267809
301,116,2.4887890815734863
301,319,2.4142101605733237
301,9,2.51518005794949
301,158,2.0646250777774386
301,102,2.805732011795044
301,161,2.0574789577060275
301,228,2.499783409966363
301,70,1.7713658412297566
301,138,2.5312276946173773
301,255,2.6025631692674427
301,267,2.1719918251037598
301,58,2.328793313768175
83,197,2.0775297615263195
83,195,2.0184692011939154
83,463,2.312587367163764
83,226,2.135629587703281
83,77,2.249825186199612
83,221,2.1195872757169933
83,342,2.0154513915379844
83,330,2.144317560725742
83,223,2.6623560322655573
83,381,1.8299451271692913
83,148,2.361188915040758
83,391,2.107871744367811
83,146,2.0537282493379383
83,406,1.7518766191270616
83,272,2.35062313079834
83,220,2.197530640496148
83,151,2.489041487375895
83,296,2.7974920537736683
83,42,2.298335658179389
83,246,2.7232458326551647
83,217,2.265933963987562
83,8,2.3393507533603244
83,116,2.527162922753228
83,319,2.345599412918091
83,9,1.9804179006152682
83,158,2.4781195322672525
83,102,2.2844102912478976
83,161,2.004106879234314
83,228,1.998720367749532
83,70,2.203961809476217
83,138,2.6602570215861
83,255,2.0846459998024836
83,267,2.491571214463976
83,58,2.0590062936147056
402,197,1.9638430145051744
402,195,1.940831396314833
402,463,2.4656434853871665
402,226,2.224538220299615
402,77,2.3634381029340954
402,221,2.0094526211420694
402,342,1.814345531993442
402,330,1.9702560371822782
402,223,2.3006074693467884
402,381,1.9063009023666382
402,148,2.1209591229756675
402,391,1.9772176212734647
402,146,1.8766385979122586
402,406,1.8704622056749132
402,272,2.501739263534546
402,220,2.026037587059869
402,151,2.1640975740220814
402,296,2.727229701148139
402,42,2.2118177149030895
402,246,2.786109553443061
402,217,2.0950198968251548
402,8,2.1734548144870334
402,116,2.60001007715861
402,319,2.169838958316379
402,9,1.6756309800677829
402,158,2.559376425213284
402,102,2.069567812813653
402,161,1.9596600664986505
402,228,1.8566591209835477
402,70,2.3490148385365806
402,138,2.5739753511216907
402,255,1.8450996213489108
402,267,2.656682915157742
402,58,1.9420340591006808
440,197,2.31160831451416
440,195,2.241797235276964
440,463,1.8645371596018474
440,226,2.522629155053033
440,77,1.7170861959457397
440,221,2.648878706826104
440,342,2.400475104649862
440,330,2.4410143428378634
440,223,2.700642400317722
440,381,2.1451922257741294
440,148,2.278216997782389
440,391,2.49755416976081
440,146,2.5067430337270102
440,406,2.433068699306912
440,272,1.7608281373977661
440,220,2.625067949295044
440,151,2.316417376200358
440,296,2.344653023613824
440,42,2.711993032031589
440,246,2.2431272665659585
440,217,2.5737231837378607
440,8,2.375799920823839
440,116,2.646315919028388
440,319,2.2798340850406222
440,9,2.523292806413439
440,158,1.9133120642768011
440,102,2.790005233552721
440,161,1.9114064110649958
440,228,2.453196260664198
440,70,1.830387830734253
440,138,2.540096335940891
440,255,2.6163553131951227
440,267,2.168325079811944
440,58,2.3418173260158963
387,197,2.642246723175049
387,195,2.630007743835449
387,463,2.8929102420806885
387,226,2.508797433641222
387,77,2.8236836327446833
387,221,2.0919317404429116
387,342,2.526165167490641
387,330,2.6316444873809814
387,223,2.3822182019551597
387,381,2.4920390711890326
387,148,2.5391490724351673
387,391,2.4399448235829673
387,146,2.452533006668091
387,406,2.449380874633789
387,272,2.913151820500692
387,220,2.147919919755724
387,151,2.4306443532307944
387,296,2.6343822479248047
387,42,2.2215746773613825
387,246,2.682843870586819
387,217,2.314097934299045
387,8,2.3584884537590876
387,116,2.6584109200371637
387,319,2.559451421101888
387,9,2.366263469060262
387,158,2.96563548511929
387,102,2.0028423335817127
387,161,2.618341498904758
387,228,2.5168031056722007
387,70,2.879984723197089
387,138,2.6315667894151478
387,255,2.3264474868774414
387,267,2.824400160047743
387,58,2.636699491076999
371,197,2.0162149005466037
371,195,2.030011865827772
371,463,2.289402034547594
371,226,2.334061861038208
371,77,2.3296082284715443
371,221,2.219317462709215
371,342,1.8842911587821112
371,330,1.9023517105314467
371,223,2.6198555363549128
371,381,1.8390417761272855
371,148,2.4066362380981445
371,391,2.125836147202386
371,146,1.9956927961773343
371,406,2.096320152282715
371,272,2.4938975705040827
371,220,2.2918547524346247
371,151,2.4919126298692493
371,296,2.9416061507331
371,42,2.307458665635851
371,246,2.9629772504170737
371,217,2.3208897908528647
371,8,2.4233307043711343
371,116,2.6112277772691517
371,319,2.213282929526435
371,9,2.0346054236094155
371,158,2.653647396299574
371,102,2.492907259199354
371,161,2.2290583981408014
371,228,1.9596873919169109
371,70,2.3520447148217096
371,138,2.806024577882555
371,255,2.0491772095362344
371,267,2.596690230899387
371,58,1.9282401667700872
430,197,1.9838638703028362
430,195,1.9961696995629206
430,463,2.3219627009497747
430,226,2.4056398073832193
430,77,2.2196339236365423
430,221,2.00186734729343
430,342,2.0185211499532065
430,330,2.111784405178494
430,223,2.453966829511854
430,381,1.5659825139575534
430,148,2.1014643377727933
430,391,2.202538318104214
430,146,1.9151537285910711
430,406,2.0262272357940674
430,272,2.3697816795772977
430,220,2.041584293047587
430,151,2.2195929288864136
430,296,2.6611279911465116
430,42,2.1987923251258
430,246,2.6253451241387262
430,217,2.177462922202216
430,8,1.9993527730305989
430,116,2.4398790995279946
430,319,2.0148620075649686
430,9,2.0541356801986694
430,158,2.532721439997355
430,102,2.262997521294488
430,161,1.870432628525628
430,228,2.0474314159817166
430,70,2.2051414118872747
430,138,2.5229557355244956
430,255,2.1372256676355996
430,267,2.4758359061347113
430,58,1.8694610595703125
118,197,2.3091824849446616
118,195,2.2755912674797907
118,463,1.7984201113382976
118,226,2.516618490219116
118,77,1.9839448928833008
118,221,2.6649860541025796
118,342,2.429313580195109
118,330,2.432954364352756
118,223,2.728040854136149
118,381,2.173191467920939
118,148,2.358901474210951
118,391,2.4796989228990345
118,146,2.5308195220099554
118,406,2.44048810005188
118,272,1.996272325515747
118,220,2.644679890738593
118,151,2.4155785772535534
118,296,2.5399998823801675
118,42,2.6416801081763372
118,246,2.4570403496424356
118,217,2.5937368075052896
118,8,2.5519434875912137
118,116,2.6202766630384655
118,319,2.356728103425768
118,9,2.5372842682732477
118,158,2.131087064743042
118,102,2.8107957310146756
118,161,2.1289812326431274
118,228,2.4413559436798096
118,70,2.0173069768481784
118,138,2.6415776941511364
118,255,2.594761371612549
118,267,2.2916889720492892
118,58,2.361158768335978
493,197,2.538225253423055
493,195,2.424691915512085
493,463,2.1509371863471136
493,226,2.6346606148613825
493,77,1.9973407983779907
493,221,2.586280266443888
493,342,2.6164302031199136
493,330,2.7041559484269886
493,223,2.6600671079423694
493,381,2.2689473628997803
493,148,2.324501779344347
493,391,2.596341159608629
493,146,2.617325041029188
493,406,2.5042723284827337
493,272,1.9510355922910902
493,220,2.5816046131981745
493,151,2.356056955125597
493,296,2.235341204537286
493,42,2.7026978863610163
493,246,2.1318329175313315
493,217,2.558629459804959
493,8,2.442097398969862
493,116,2.5478685167100696
493,319,2.4405942493014865
493,9,2.6153245766957602
493,158,2.0845066838794284
493,102,2.7274970743391247
493,161,2.014452894528707
493,228,2.626164542304145
493,70,2.0330702463785806
493,138,2.4890260961320667
493,255,2.7077870104047985
493,267,2.2232364813486734
493,58,2.530865881178114
113,197,2.7962549527486167
113,195,2.8055746025509305
113,463,2.485125462214152
113,226,2.9159992006089954
113,77,2.2048078113132052
113,221,2.798691193262736
113,342,2.7106984191470676
113,330,2.808053414026896
113,223,2.8275444242689343
113,381,2.6662161350250244
113,148,2.638727717929416
113,391,2.6362090375688343
113,146,2.7473374207814536
113,406,2.8004096349080405
113,272,2.4074117607540555
113,220,2.8528250323401556
113,151,2.772205008400811
113,296,2.323039902581109
113,42,2.793935457865397
113,246,2.4062629540761313
113,217,2.9108720885382757
113,8,2.592114872402615
113,116,2.26169753074646
113,319,2.8096799320644803
113,9,2.7808173497517905
113,158,2.3924717638227673
113,102,2.954853640662299
113,161,2.6163419352637396
113,228,2.740144968032837
113,70,2.341749668121338
113,138,2.651091708077325
113,255,2.858170509338379
113,267,1.6348248720169067
113,58,2.583948771158854
363,197,2.565665536456638
363,195,2.657241423924764
363,463,2.6309863461388483
363,226,2.7418318589528403
363,77,2.518646902508206
363,221,2.4619899060991077
363,342,2.374136130015055
363,330,2.5008394718170166
363,223,2.315282318327162
363,381,2.5285648504892984
363,148,2.4474626647101507
363,391,2.317291114065382
363,146,2.336510843700833
363,406,2.580238103866577
363,272,2.7499391502804227
363,220,2.5384515126546225
363,151,2.5522612200842962
363,296,2.7328183386060925
363,42,2.269307110044691
363,246,2.9185255898369684
363,217,2.6461524963378906
363,8,2.5794728067186146
363,116,2.2864934073554144
363,319,2.5986289978027344
363,9,2.381499926249186
363,158,2.7880105707380505
363,102,2.6281496153937445
363,161,2.5027829806009927
363,228,2.333274099561903
363,70,2.5283221933576794
363,138,2.7721749941507974
363,255,2.4221129417419434
363,267,2.3990255196889243
363,58,2.4585185050964355
323,197,2.4575967523786755
323,195,2.4993349976009793
323,463,2.833929247326321
323,226,2.7181846565670438
323,77,2.6918911139170327
323,221,1.8760588963826497
323,342,2.3019173675113254
323,330,2.369946241378784
323,223,2.1827705171373157
323,381,2.395393133163452
323,148,2.317638185289171
323,391,2.2308657699161105
323,146,2.245857583151923
323,406,2.425384283065796
323,272,2.8801247808668347
323,220,1.949977371427748
323,151,2.3593700461917453
323,296,2.767786555820041
323,42,2.2395742734273276
323,246,2.8283340666029186
323,217,2.1284212006462946
323,8,2.37449132071601
323,116,2.3860670460595026
323,319,2.3439417680104575
323,9,2.1817796760135226
323,158,2.89581651157803
323,102,2.0644579198625355
323,161,2.5190356307559543
323,228,2.2872301737467446
323,70,2.6894880135854087
323,138,2.536001125971476
323,255,2.238080130683051
323,267,2.658904128604465
323,58,2.4024266401926675
376,197,2.201511436038547
376,195,2.246533261405097
376,463,2.4176609781053333
376,226,2.093299561076694
376,77,2.639702002207438
376,221,2.2438723776075573
376,342,2.0503088898128934
376,330,2.114539490805732
376,223,2.707403394911024
376,381,2.199530389573839
376,148,2.529227786593967
376,391,2.237985054651896
376,146,2.2830123636457653
376,406,2.138859086566501
376,272,2.680336872736613
376,220,2.3665643797980414
376,151,2.5083150598737927
376,296,3.0395126342773438
376,42,2.6509318351745605
376,246,2.9780870278676352
376,217,2.4468444453345404
376,8,2.52762410375807
376,116,2.788274817996555
376,319,2.367836210462782
376,9,1.9305129448572795
376,158,2.64951589372423
376,102,2.424874915017022
376,161,2.452278481589423
376,228,1.841409100426568
376,70,2.548144499460856
376,138,2.9464188151889377
376,255,2.0791352722379894
376,267,2.875894414054023
376,58,2.2552932633294
57,197,2.9022673500908747
57,195,2.821045504675971
57,463,2.608824094136556
57,226,2.95110985967848
57,77,2.3020125230153403
57,221,2.82704840766059
57,342,3.0482643445332847
57,330,3.0701949861314564
57,223,2.561147345436944
57,381,2.8475982083214655
57,148,2.6563254992167153
57,391,2.919139120313856
57,146,3.054952303568522
57,406,2.9413079685635037
57,272,2.3323130077785916
57,220,2.76897931098938
57,151,2.571705526775784
57,296,1.5210110876295302
57,42,2.8226767116122775
57,246,1.4204511907365587
57,217,2.751071718004015
57,8,2.384264866511027
57,116,2.5355319446987576
57,319,2.7003663645850287
57,9,3.011365228229099
57,158,2.3048557970258923
57,102,2.8258557319641113
57,161,2.598816606733534
57,228,3.0699630048539905
57,70,2.5995585123697915
57,138,2.360984855228
57,255,3.09293524424235
57,267,2.155250734753079
57,58,2.9840505917867026
187,197,2.038520786497328
187,195,2.1101374096340604
187,463,2.4553203847673206
187,226,2.5745493835873074
187,77,2.3707026640574136
187,221,2.093021445804172
187,342,2.2263157897525363
187,330,2.1161607106526694
187,223,2.3564269807603626
187,381,2.0153501298692493
187,148,2.2383040057288275
187,391,2.4172174400753446
187,146,2.3071832921769886
187,406,2.3016400072309704
187,272,2.5076076719495983
187,220,2.099901490741306
187,151,2.271937449773153
187,296,2.554852459165785
187,42,2.3303849432203503
187,246,2.664883640077379
187,217,2.127414253022936
187,8,2.040692170461019
187,116,2.409810702006022
187,319,1.5984587007098727
187,9,2.22859885957506
187,158,2.4465405676099987
187,102,2.4282174905141196
187,161,2.1034870677524142
187,228,2.3177062935299344
187,70,2.2831344339582653
187,138,2.540546178817749
187,255,2.428204615910848
187,267,2.470665772755941
187,58,2.0206801493962607
449,197,2.3856855233510337
449,195,2.4279366069369845
449,463,2.646532164679633
449,226,2.5059088601006403
449,77,2.495214727189806
449,221,2.1340892050001354
449,342,2.154811249838935
449,330,2.154445171356201
449,223,2.4901737901899548
449,381,2.2927314970228405
449,148,2.454678932825724
449,391,2.1485087871551514
449,146,2.2076111369662814
449,406,2.297533008787367
449,272,2.784002145131429
449,220,2.2492640018463135
449,151,2.5187140040927463
449,296,2.776091284222073
449,42,2.389085292816162
449,246,2.9280732207828097
449,217,2.357202688852946
449,8,2.4844592412312827
449,116,2.327726364135742
449,319,2.4033476776546903
449,9,2.0483031935162015
449,158,2.7250811523861356
449,102,2.390645556979709
449,161,2.4888599978552923
449,228,2.0949261056052313
449,70,2.4514621098836265
449,138,2.8291824658711753
449,255,2.2210974560843573
449,267,2.5132102966308594
449,58,2.225028567843967
48,197,1.9533094432618883
48,195,1.8712856769561768
48,463,2.2599986261791654
48,226,2.350052091810438
48,77,2.2064253754085965
48,221,2.22572750515408
48,342,2.13945029841529
48,330,2.1621454026963978
48,223,2.6542491647932263
48,381,1.4413363801108465
48,148,2.3030894332461886
48,391,2.1881350543763904
48,146,2.090685354338752
48,406,2.0414941045973034
48,272,2.302887625164456
48,220,2.284939898384942
48,151,2.4180314011043973
48,296,2.7528911431630454
48,42,2.3100425932142468
48,246,2.6958430343204074
48,217,2.3306395477718778
48,8,2.100620084338718
48,116,2.555421617296007
48,319,2.1882130834791393
48,9,2.1518620914883084
48,158,2.52650777498881
48,102,2.4033134513431125
48,161,2.004848506715563
48,228,2.119234813584222
48,70,2.2232741249932184
48,138,2.6344630453321667
48,255,2.1833036740620932
48,267,2.5166851149664984
48,58,1.930506984392802
14,197,2.43345144059923
14,195,2.4431732495625815
14,463,2.772269858254327
14,226,2.6013962162865534
14,77,2.6250401073031955
14,221,1.5894845326741536
14,342,2.3913216061062283
14,330,2.3902933597564697
14,223,2.0783413383695812
14,381,2.272792683707343
14,148,2.3019822703467474
14,391,2.3236409293280706
14,146,2.262486537297567
14,406,2.292786439259847
14,272,2.8027830123901367
14,220,1.6115070713890924
14,151,2.335476689868503
14,296,2.620134194691976
14,42,2.080138232972887
14,246,2.6117009586758084
14,217,1.8231908215416803
14,8,2.235267851087782
14,116,2.328351100285848
14,319,2.1187482939826117
14,9,2.2821581628587513
14,158,2.835690048005846
14,102,1.8730250861909654
14,161,2.2482628292507596
14,228,2.3758255110846624
14,70,2.6795970069037542
14,138,2.418049520916409
14,255,2.289514170752631
14,267,2.5282123618655734
14,58,2.465936475329929
320,197,2.79382316271464
320,195,2.8385323418511286
320,463,2.8356510268317328
320,226,2.916385915544298
320,77,2.8121517499287925
320,221,2.323736588160197
320,342,2.6616347630818686
320,330,2.7456589804755316
320,223,2.3759622044033475
320,381,2.552765899234348
320,148,2.5973459084828696
320,391,2.5251597033606634
320,146,2.5507652759552
320,406,2.6795736683739557
320,272,2.9707842932807074
320,220,2.3887498643663196
320,151,2.6971571180555554
320,296,2.831375175052219
320,42,2.2742036713494196
320,246,2.836528460184733
320,217,2.497771660486857
320,8,2.656665484110514
320,116,2.3724422454833984
320,319,2.6800394852956138
320,9,2.597615745332506
320,158,2.9680199093288846
320,102,2.420871761110094
320,161,2.632085535261366
320,228,2.6365523868136935
320,70,2.776300059424506
320,138,2.6451083024342856
320,255,2.556068685319689
320,267,2.6068030993143716
320,58,2.69204044342041
390,197,2.402457422680325
390,195,2.294956922531128
390,463,2.2162051995595298
390,226,2.607657935884264
390,77,1.831375002861023
390,221,2.6260361671447754
390,342,2.4128079414367676
390,330,2.439295318391588
390,223,2.7621777057647705
390,381,2.2146372530195446
390,148,2.488172796037462
390,391,2.4256525304582386
390,146,2.5022611882951526
390,406,2.4225814872317843
390,272,2.0620813104841442
390,220,2.6414457162221274
390,151,2.5660313765207925
390,296,2.4457171493106418
390,42,2.6635468006134033
390,246,2.399568451775445
390,217,2.589405748579237
390,8,2.5569938818613687
390,116,2.5090964370303683
390,319,2.4673822191026478
390,9,2.5160925653245716
390,158,2.219184743033515
390,102,2.75293238957723
390,161,2.1742970413631864
390,228,2.5070170826382108
390,70,2.0136090914408364
390,138,2.5548411740197077
390,255,2.6239236460791693
390,267,2.1096901098887124
390,58,2.339281506008572
500,197,2.7198937204149036
500,195,2.651466793484158
500,463,2.5078761312696667
500,226,2.8282157844967313
500,77,2.1427209509743586
500,221,2.7581788963741727
500,342,2.8419815964168973
500,330,2.882950358920627
500,223,2.9001616107092962
500,381,2.5354316499498157
500,148,2.61774386299981
500,391,2.7712562349107532
500,146,2.872582991917928
500,406,2.739283667670356
500,272,2.22548156314426
500,220,2.7685660786098905
500,151,2.6300032138824463
500,296,2.180529382493761
500,42,2.96258454852634
500,246,2.1122315327326455
500,217,2.7758488390180798
500,8,2.3830001619127064
500,116,2.4734387662675648
500,319,2.588851398891873
500,9,2.842522621154785
500,158,2.243827316496107
500,102,2.811060984929403
500,161,2.4510714213053384
500,228,2.8588691552480063
500,70,2.303049008051554
500,138,2.387678782145182
500,255,2.965257830089993
500,267,1.9700716866387262
500,58,2.613538980484009
461,197,2.1629041168424816
461,195,2.2206096384260388
461,463,2.414740562438965
461,226,2.3276505205366345
461,77,2.4721833864847818
461,221,2.0232690705193415
461,342,1.9700830380121868
461,330,2.1424291796154447
461,223,2.3353113333384194
461,381,1.9593080944485135
461,148,2.0768464538786144
461,391,2.033452285660638
461,146,1.8539231088426378
461,406,2.0173874033821955
461,272,2.5360172854529486
461,220,2.0536368555492825
461,151,2.20762836933136
461,296,2.8011024792989097
461,42,2.2270977232191296
461,246,2.809057262208727
461,217,2.1809314092000327
461,8,2.3568272325727673
461,116,2.3598838647206626
461,319,2.239424016740587
461,9,1.8671516709857516
461,158,2.6427796946631537
461,102,2.221828752093845
461,161,2.098905232217577
461,228,1.886497391594781
461,70,2.330791023042467
461,138,2.584025330013699
461,255,1.9807188378440008
461,267,2.554105361302694
461,58,2.0895719395743475
328,197,2.701523462931315
328,195,2.723697953754001
328,463,2.7808378537495932
328,226,2.8559021419949002
328,77,2.6737285719977484
328,221,2.182979186375936
328,342,2.5784606668684216
328,330,2.637979507446289
328,223,2.4873336950937905
328,381,2.3475015693240695
328,148,2.5786792967054577
328,391,2.453593624962701
328,146,2.420422739452786
328,406,2.5294717417822943
328,272,2.8809872733222113
328,220,2.273032029469808
328,151,2.735745350519816
328,296,2.8061549133724637
328,42,2.2922440899742975
328,246,2.8072713481055365
328,217,2.407438781526354
328,8,2.558704932530721
328,116,2.2636330922444663
328,319,2.5835132598876953
328,9,2.5520969231923423
328,158,2.8827776114145913
328,102,2.432662751939562
328,161,2.51189915339152
328,228,2.581487708621555
328,70,2.6881010002560086
328,138,2.6029074986775718
328,255,2.5434613757663302
328,267,2.5408061610327826
328,58,2.4824224842919245
433,197,2.523596419228448
433,195,2.5032331148783364
433,463,2.4779955546061196
433,226,2.690852721532186
433,77,2.3865712218814426
433,221,2.5052501360575357
433,342,2.4891251722971597
433,330,2.515300671259562
433,223,2.551120811038547
433,381,2.319050047132704
433,148,2.21962218814426
433,391,2.471510569254557
433,146,2.3585930135515003
433,406,2.43336468272739
433,272,2.3223831123775907
433,220,2.425536182191637
433,151,2.3301555845472546
433,296,2.591030730141534
433,42,2.3462581634521484
433,246,2.570617569817437
433,217,2.392347945107354
433,8,2.5179469320509167
433,116,2.476913981967502
433,319,2.4544062879350452
433,9,2.509429613749186
433,158,2.540625731150309
433,102,2.5224143928951688
433,161,2.142625570297241
433,228,2.5845185915629068
433,70,2.260002507103814
433,138,2.3296844164530435
433,255,2.5334070258670383
433,267,2.415692620807224
433,58,2.408097743988037
325,197,2.713848114013672
325,195,2.749784098731147
325,463,2.7927254835764566
325,226,2.87975721889072
325,77,2.7019772794511585
325,221,2.2371071179707847
325,342,2.577083561155531
325,330,2.646708223554823
325,223,2.407986693912082
325,381,2.4187530411614313
325,148,2.51230165693495
325,391,2.445352872212728
325,146,2.4500425126817493
325,406,2.586244583129883
325,272,2.880259911219279
325,220,2.3163709110683866
325,151,2.6491676701439753
325,296,2.784899950027466
325,42,2.2943595250447593
325,246,2.7927923732333713
325,217,2.435090356402927
325,8,2.5838030444251165
325,116,2.320674101511637
325,319,2.609492619832357
325,9,2.539006127251519
325,158,2.891692294014825
325,102,2.409077273474799
325,161,2.528377162085639
325,228,2.562648958630032
325,70,2.703706079059177
325,138,2.6094500753614636
325,255,2.5175832642449274
325,267,2.548395872116089
325,58,2.5524710284339056
425,197,2.724981943766276
425,195,2.5992169115278454
425,463,2.507603327433268
425,226,2.8434984948900013
425,77,2.2741618156433105
425,221,2.863622850841946
425,342,2.9030718273586698
425,330,3.002541038725111
425,223,2.7380719449785023
425,381,2.6103157997131348
425,148,2.7452299859788685
425,391,2.8196351528167725
425,146,2.9357785913679333
425,406,2.779510815938314
425,272,2.257697661717733
425,220,2.842851506339179
425,151,2.7765073511335583
425,296,2.2020485401153564
425,42,2.7876096036699085
425,246,2.061966233783298
425,217,2.756731536653307
425,8,2.4955917994181314
425,116,2.6343084971110025
425,319,2.6289853519863553
425,9,2.9505013095008
425,158,2.348584598965115
425,102,2.8473368220859103
425,161,2.4031314055124917
425,228,2.9389283657073975
425,70,2.475647555457221
425,138,2.165604763560825
425,255,3.0177203019460044
425,267,2.30474943584866
425,58,2.8301000595092773
297,197,2.1228709353340998
297,195,2.1079715887705484
297,463,2.442122220993042
297,226,2.2596055931515164
297,77,2.491157054901123
297,221,2.0286758873197765
297,342,1.9520246982574463
297,330,2.1064956850475736
297,223,2.435497072007921
297,381,1.9364646938112047
297,148,2.2258119848039417
297,391,2.022208160824246
297,146,1.9186348120371501
297,406,1.9492939975526598
297,272,2.5284511778089733
297,220,2.0772551430596247
297,151,2.3068627781338162
297,296,2.8431234889560275
297,42,2.2696243392096624
297,246,2.839008013407389
297,217,2.1436570750342474
297,8,2.39830838309394
297,116,2.5535450246598987
297,319,2.2465171813964844
297,9,1.7960312763849895
297,158,2.623027218712701
297,102,2.1847956313027277
297,161,2.1449252367019653
297,228,1.8883660236994426
297,70,2.4242956903245716
297,138,2.6315832138061523
297,255,1.8924365705913968
297,267,2.670538240008884
297,58,2.1178567144605847
